participant_id,video_id,question_index,selected_index,response_time
1,kisi1video1,0,2,1.44
1,kisi1video1,1,3,1.93
1,kisi2video1,0,3,1.5
1,kisi2video1,1,3,0.07
1,kisi3video1,0,3,2.06
1,kisi3video1,1,2,1.99
1,kisi4video1,0,3,1.31
1,kisi4video1,1,1,2.72
1,kisi1video2,0,1,1.68
1,kisi1video2,1,4,3.48
1,kisi2video2,0,1,1.45
1,kisi2video2,1,2,1.96
1,kisi3video2,0,5,2.85
1,kisi3video2,1,1,1.8
1,kisi4video2,0,2,2.37
1,kisi4video2,1,1,1.2
1,kisi1video3,0,3,1.66
1,kisi1video3,1,2,3.87
1,kisi2video3,0,5,1.98
1,kisi2video3,1,2,2.18
1,kisi3video3,0,3,2.6
1,kisi3video3,1,2,1.77
1,kisi4video3,0,5,1.81
1,kisi4video3,1,2,1.58
1,kisi1video4,0,4,2.28
1,kisi1video4,1,2,2.35
1,kisi2video4,0,2,1.93
1,kisi2video4,1,3,2.05
1,kisi3video4,0,2,1.52
1,kisi3video4,1,1,3.02
1,kisi4video4,0,6,1.47
1,kisi4video4,1,2,2.65
1,kisi1video5,0,5,1.39
1,kisi1video5,1,2,1.59
1,kisi2video5,0,6,1.87
1,kisi2video5,1,2,1.02
1,kisi3video5,0,1,1.24
1,kisi3video5,1,3,1.15
1,kisi4video5,0,5,1.86
1,kisi4video5,1,2,1.52
1,kisi1video6,0,6,1.19
1,kisi1video6,1,3,1.94
1,kisi2video6,0,4,1.73
1,kisi2video6,1,3,1.48
1,kisi3video6,0,4,1.33
1,kisi3video6,1,3,1.12
1,kisi4video6,0,1,1.58
1,kisi4video6,1,2,3.2
2,kisi1video1,0,2,2.14
2,kisi1video1,1,3,4.92
2,kisi2video1,0,3,1.56
2,kisi2video1,1,1,2.68
2,kisi3video1,0,6,2.23
2,kisi3video1,1,3,1.87
2,kisi4video1,0,3,0.83
2,kisi4video1,1,1,0.78
2,kisi1video2,0,1,2.5
2,kisi1video2,1,4,1.06
2,kisi2video2,0,1,1.32
2,kisi2video2,1,3,2.15
2,kisi3video2,0,2,9.22
2,kisi3video2,1,2,0.49
2,kisi4video2,0,3,1.41
2,kisi4video2,1,2,0.73
2,kisi1video3,0,4,1.69
2,kisi1video3,1,2,0.86
2,kisi2video3,0,4,3.7
2,kisi2video3,1,2,0.7
2,kisi3video3,0,6,0.94
2,kisi3video3,1,2,0.9
2,kisi4video3,0,3,0.82
2,kisi4video3,1,1,0.52
2,kisi1video4,0,4,2.43
2,kisi1video4,1,3,0.78
2,kisi2video4,0,2,1.81
2,kisi2video4,1,2,1.07
2,kisi3video4,0,2,0.61
2,kisi3video4,1,4,0.84
2,kisi4video4,0,6,1.09
2,kisi4video4,1,3,0.94
2,kisi1video5,0,6,1.99
2,kisi1video5,1,3,0.7
2,kisi2video5,0,2,2.85
2,kisi2video5,1,5,0.96
2,kisi3video5,0,1,1.16
2,kisi3video5,1,4,0.87
2,kisi4video5,0,3,0.61
2,kisi4video5,1,2,0.88
2,kisi1video6,0,5,1.3
2,kisi1video6,1,3,0.61
2,kisi2video6,0,4,0.68
2,kisi2video6,1,3,0.43
2,kisi3video6,0,4,1.28
2,kisi3video6,1,2,0.56
2,kisi4video6,0,1,0.81
2,kisi4video6,1,3,1.22
3,kisi1video1,0,3,7.17
3,kisi1video1,1,1,7.13
3,kisi2video1,0,3,9.27
3,kisi2video1,1,2,14.93
3,kisi3video1,0,6,19.95
3,kisi3video1,1,3,5.35
3,kisi4video1,0,3,8.11
3,kisi4video1,1,4,13.1
3,kisi1video2,0,1,2.46
3,kisi1video2,1,5,7.28
3,kisi2video2,0,1,1.99
3,kisi2video2,1,5,1.77
3,kisi3video2,0,5,1.27
3,kisi3video2,1,4,2.33
3,kisi4video2,0,1,3.54
3,kisi4video2,1,1,4.5
3,kisi1video3,0,5,2.98
3,kisi1video3,1,2,2.93
3,kisi2video3,0,5,3.72
3,kisi2video3,1,4,2.01
3,kisi3video3,0,3,6.73
3,kisi3video3,1,2,6.06
3,kisi4video3,0,4,1.14
3,kisi4video3,1,3,2.22
3,kisi1video4,0,4,2.87
3,kisi1video4,1,4,5.91
3,kisi2video4,0,2,2.78
3,kisi2video4,1,3,2.18
3,kisi3video4,0,2,2.05
3,kisi3video4,1,2,1.93
3,kisi4video4,0,6,1.31
3,kisi4video4,1,5,1.85
3,kisi1video5,0,5,4.01
3,kisi1video5,1,4,2.92
3,kisi2video5,0,5,3.96
3,kisi2video5,1,4,2.52
3,kisi3video5,0,1,1.47
3,kisi3video5,1,5,5.48
3,kisi4video5,0,4,16.93
3,kisi4video5,1,1,2.85
3,kisi1video6,0,6,0.93
3,kisi1video6,1,5,1.62
3,kisi2video6,0,4,1.49
3,kisi2video6,1,5,1.02
3,kisi3video6,0,4,7.5
3,kisi3video6,1,2,3.71
3,kisi4video6,0,1,0.9
3,kisi4video6,1,5,2.73
4,kisi1video1,0,2,4.01
4,kisi1video1,1,5,6.09
4,kisi2video1,0,3,6.07
4,kisi2video1,1,1,2.8
4,kisi3video1,0,5,3.84
4,kisi3video1,1,3,2.9
4,kisi4video1,0,6,4.97
4,kisi4video1,1,1,2.19
4,kisi1video2,0,1,1.78
4,kisi1video2,1,5,1.26
4,kisi2video2,0,1,1.68
4,kisi2video2,1,5,1.53
4,kisi3video2,0,5,2.36
4,kisi3video2,1,2,2.09
4,kisi4video2,0,3,2.21
4,kisi4video2,1,1,1.01
4,kisi1video3,0,3,3.11
4,kisi1video3,1,2,2.31
4,kisi2video3,0,5,1.1
4,kisi2video3,1,2,0.92
4,kisi3video3,0,6,2.75
4,kisi3video3,1,2,1.29
4,kisi4video3,0,5,1.78
4,kisi4video3,1,1,1.25
4,kisi1video4,0,4,1.4
4,kisi1video4,1,3,1.86
4,kisi2video4,0,2,2.03
4,kisi2video4,1,3,1.99
4,kisi3video4,0,6,1.1
4,kisi3video4,1,2,1.23
4,kisi4video4,0,5,1.22
4,kisi4video4,1,2,1.69
4,kisi1video5,0,5,1.09
4,kisi1video5,1,4,1.32
4,kisi2video5,0,6,1.07
4,kisi2video5,1,4,10.41
4,kisi3video5,0,1,1.1
4,kisi3video5,1,5,1.16
4,kisi4video5,0,5,1.38
4,kisi4video5,1,2,1.69
4,kisi1video6,0,6,1.15
4,kisi1video6,1,4,4.02
4,kisi2video6,0,4,2.09
4,kisi2video6,1,5,2.21
4,kisi3video6,0,4,1.96
4,kisi3video6,1,5,0.9
4,kisi4video6,0,1,1.64
4,kisi4video6,1,4,2.21
5,kisi1video1,0,2,0.97
5,kisi1video1,1,4,8.93
5,kisi2video1,0,3,4.25
5,kisi2video1,1,3,3.82
5,kisi3video1,0,3,3.71
5,kisi3video1,1,3,1.53
5,kisi4video1,0,3,7.26
5,kisi4video1,1,3,0.94
5,kisi1video2,0,1,3.73
5,kisi1video2,1,4,4.07
5,kisi2video2,0,3,4.63
5,kisi2video2,1,3,0.71
5,kisi3video2,0,6,1.99
5,kisi3video2,1,4,2.08
5,kisi4video2,0,1,4.22
5,kisi4video2,1,4,1.79
5,kisi1video3,0,6,5.05
5,kisi1video3,1,5,1.53
5,kisi2video3,0,2,4.28
5,kisi2video3,1,4,1.54
5,kisi3video3,0,6,4.77
5,kisi3video3,1,5,0.88
5,kisi4video3,0,3,4.48
5,kisi4video3,1,3,1.49
5,kisi1video4,0,6,7.97
5,kisi1video4,1,5,0.88
5,kisi2video4,0,2,6.54
5,kisi2video4,1,4,1.5
5,kisi3video4,0,6,3.2
5,kisi3video4,1,5,0.74
5,kisi4video4,0,6,1.46
5,kisi4video4,1,5,0.82
5,kisi1video5,0,5,1.94
5,kisi1video5,1,5,0.83
5,kisi2video5,0,6,2.01
5,kisi2video5,1,5,1.52
5,kisi3video5,0,1,1.5
5,kisi3video5,1,5,1.01
5,kisi4video5,0,3,1.25
5,kisi4video5,1,3,0.59
5,kisi1video6,0,6,1.21
5,kisi1video6,1,5,1.06
5,kisi2video6,0,4,4.07
5,kisi2video6,1,5,0.85
5,kisi3video6,0,4,4.85
5,kisi3video6,1,5,1.22
5,kisi4video6,0,1,9.77
5,kisi4video6,1,3,2.03
6,kisi1video1,0,6,13.33
6,kisi1video1,1,3,4.35
6,kisi2video1,0,3,5.47
6,kisi2video1,1,3,2.27
6,kisi3video1,0,6,2.69
6,kisi3video1,1,4,2.08
6,kisi4video1,0,3,1.75
6,kisi4video1,1,3,3.71
6,kisi1video2,0,1,2.9
6,kisi1video2,1,5,1.17
6,kisi2video2,0,1,1.84
6,kisi2video2,1,1,0.05
6,kisi3video2,0,5,3.28
6,kisi3video2,1,3,5.03
6,kisi4video2,0,3,6.08
6,kisi4video2,1,3,1.74
6,kisi1video3,0,3,2.18
6,kisi1video3,1,3,0.45
6,kisi2video3,0,4,7.22
6,kisi2video3,1,2,1.27
6,kisi3video3,0,3,2.35
6,kisi3video3,1,2,0.62
6,kisi4video3,0,3,1.99
6,kisi4video3,1,2,0.58
6,kisi1video4,0,4,4.14
6,kisi1video4,1,2,5.05
6,kisi2video4,0,2,2.5
6,kisi2video4,1,2,4.25
6,kisi3video4,0,2,1.51
6,kisi3video4,1,1,0.75
6,kisi4video4,0,6,1.52
6,kisi4video4,1,3,1.28
6,kisi1video5,0,5,13.13
6,kisi1video5,1,1,0.75
6,kisi2video5,0,6,0.78
6,kisi2video5,1,3,1.01
6,kisi3video5,0,1,0.86
6,kisi3video5,1,4,0.52
6,kisi4video5,0,5,11.72
6,kisi4video5,1,1,2.23
6,kisi1video6,0,6,5.85
6,kisi1video6,1,1,1.02
6,kisi2video6,0,4,6.84
6,kisi2video6,1,2,1.99
6,kisi3video6,0,3,1.77
6,kisi3video6,1,1,1.41
6,kisi4video6,0,1,1.09
6,kisi4video6,1,2,0.83
7,kisi1video1,0,6,8.7
7,kisi1video1,1,2,5.11
7,kisi2video1,0,3,1.12
7,kisi2video1,1,5,1.93
7,kisi3video1,0,5,4.0
7,kisi3video1,1,5,0.69
7,kisi4video1,0,3,6.13
7,kisi4video1,1,5,0.83
7,kisi1video2,0,1,1.53
7,kisi1video2,1,5,0.91
7,kisi2video2,0,1,1.54
7,kisi2video2,1,5,1.01
7,kisi3video2,0,6,2.87
7,kisi3video2,1,5,0.72
7,kisi4video2,0,3,7.15
7,kisi4video2,1,5,0.79
7,kisi1video3,0,3,5.35
7,kisi1video3,1,5,0.82
7,kisi2video3,0,5,1.33
7,kisi2video3,1,5,0.58
7,kisi3video3,0,3,7.65
7,kisi3video3,1,5,1.06
7,kisi4video3,0,2,3.08
7,kisi4video3,1,5,0.85
7,kisi1video4,0,4,2.63
7,kisi1video4,1,5,0.92
7,kisi2video4,0,2,2.18
7,kisi2video4,1,5,0.73
7,kisi3video4,0,2,9.07
7,kisi3video4,1,5,0.77
7,kisi4video4,0,2,1.74
7,kisi4video4,1,5,1.56
7,kisi1video5,0,5,4.85
7,kisi1video5,1,5,0.55
7,kisi2video5,0,6,5.03
7,kisi2video5,1,5,1.99
7,kisi3video5,0,1,1.46
7,kisi3video5,1,5,0.73
7,kisi4video5,0,5,8.32
7,kisi4video5,1,4,1.21
7,kisi1video6,0,6,1.25
7,kisi1video6,1,4,4.46
7,kisi2video6,0,4,2.05
7,kisi2video6,1,5,1.4
7,kisi3video6,0,4,0.85
7,kisi3video6,1,1,1.5
7,kisi4video6,0,1,1.11
7,kisi4video6,1,1,0.58
8,kisi1video1,0,1,6.15
8,kisi1video1,1,3,6.16
8,kisi2video1,0,3,4.31
8,kisi2video1,1,1,5.27
8,kisi3video1,0,5,4.82
8,kisi3video1,1,2,6.69
8,kisi4video1,0,4,5.25
8,kisi4video1,1,1,6.22
8,kisi1video2,0,1,3.21
8,kisi1video2,1,5,2.77
8,kisi2video2,0,3,11.85
8,kisi2video2,1,2,4.8
8,kisi3video2,0,3,1.62
8,kisi3video2,1,3,1.69
8,kisi4video2,0,4,2.49
8,kisi4video2,1,1,2.0
8,kisi1video3,0,3,3.77
8,kisi1video3,1,2,2.19
8,kisi2video3,0,5,1.83
8,kisi2video3,1,5,7.38
8,kisi3video3,0,6,4.64
8,kisi3video3,1,5,1.52
8,kisi4video3,0,4,7.37
8,kisi4video3,1,4,1.59
8,kisi1video4,0,4,7.03
8,kisi1video4,1,4,3.65
8,kisi2video4,0,6,2.25
8,kisi2video4,1,5,1.71
8,kisi3video4,0,6,5.19
8,kisi3video4,1,5,1.17
8,kisi4video4,0,5,7.12
8,kisi4video4,1,4,2.9
8,kisi1video5,0,2,4.32
8,kisi1video5,1,3,3.05
8,kisi2video5,0,5,3.66
8,kisi2video5,1,5,2.58
8,kisi3video5,0,1,1.44
8,kisi3video5,1,5,2.04
8,kisi4video5,0,3,5.73
8,kisi4video5,1,4,2.65
8,kisi1video6,0,3,3.16
8,kisi1video6,1,3,1.49
8,kisi2video6,0,4,3.67
8,kisi2video6,1,4,1.38
8,kisi3video6,0,3,3.68
8,kisi3video6,1,3,1.4
8,kisi4video6,0,3,1.59
8,kisi4video6,1,4,2.04
9,kisi1video1,0,3,3.09
9,kisi1video1,1,3,3.12
9,kisi2video1,0,3,1.23
9,kisi2video1,1,3,0.75
9,kisi3video1,0,6,2.37
9,kisi3video1,1,4,1.15
9,kisi4video1,0,3,1.21
9,kisi4video1,1,2,1.58
9,kisi1video2,0,1,1.2
9,kisi1video2,1,4,2.68
9,kisi2video2,0,1,1.51
9,kisi2video2,1,4,1.38
9,kisi3video2,0,5,2.22
9,kisi3video2,1,3,1.39
9,kisi4video2,0,3,0.99
9,kisi4video2,1,2,1.1
9,kisi1video3,0,4,1.54
9,kisi1video3,1,2,1.38
9,kisi2video3,0,5,2.33
9,kisi2video3,1,4,1.27
9,kisi3video3,0,3,3.07
9,kisi3video3,1,3,0.74
9,kisi4video3,0,4,4.6
9,kisi4video3,1,4,1.73
9,kisi1video4,0,4,1.13
9,kisi1video4,1,5,0.8
9,kisi2video4,0,2,1.19
9,kisi2video4,1,4,1.02
9,kisi3video4,0,6,6.48
9,kisi3video4,1,2,1.28
9,kisi4video4,0,6,1.09
9,kisi4video4,1,4,0.87
9,kisi1video5,0,5,1.93
9,kisi1video5,1,3,0.81
9,kisi2video5,0,6,1.66
9,kisi2video5,1,4,1.15
9,kisi3video5,0,1,1.39
9,kisi3video5,1,5,1.15
9,kisi4video5,0,4,7.11
9,kisi4video5,1,2,1.11
9,kisi1video6,0,6,1.17
9,kisi1video6,1,5,1.5
9,kisi2video6,0,4,1.85
9,kisi2video6,1,5,0.51
9,kisi3video6,0,4,4.81
9,kisi3video6,1,3,1.03
9,kisi4video6,0,1,1.85
9,kisi4video6,1,5,1.32
10,kisi1video1,0,3,5.67
10,kisi1video1,1,1,7.59
10,kisi2video1,0,3,4.37
10,kisi2video1,1,2,6.23
10,kisi3video1,0,6,7.71
10,kisi3video1,1,5,4.36
10,kisi4video1,0,3,4.18
10,kisi4video1,1,2,3.95
10,kisi1video2,0,1,1.37
10,kisi1video2,1,5,1.47
10,kisi2video2,0,1,1.26
10,kisi2video2,1,5,2.49
10,kisi3video2,0,5,5.71
10,kisi3video2,1,4,1.76
10,kisi4video2,0,3,2.62
10,kisi4video2,1,2,1.79
10,kisi1video3,0,3,12.12
10,kisi1video3,1,4,1.71
10,kisi2video3,0,5,3.48
10,kisi2video3,1,5,3.6
10,kisi3video3,0,3,6.56
10,kisi3video3,1,2,9.36
10,kisi4video3,0,4,4.27
10,kisi4video3,1,3,4.43
10,kisi1video4,0,4,1.47
10,kisi1video4,1,5,0.93
10,kisi2video4,0,3,3.89
10,kisi2video4,1,2,2.9
10,kisi3video4,0,5,3.85
10,kisi3video4,1,3,1.54
10,kisi4video4,0,6,1.22
10,kisi4video4,1,5,1.76
10,kisi1video5,0,6,4.81
10,kisi1video5,1,4,3.19
10,kisi2video5,0,6,2.52
10,kisi2video5,1,4,1.25
10,kisi3video5,0,1,1.63
10,kisi3video5,1,4,1.03
10,kisi4video5,0,5,3.74
10,kisi4video5,1,3,1.64
10,kisi1video6,0,6,4.54
10,kisi1video6,1,4,1.31
10,kisi2video6,0,4,1.52
10,kisi2video6,1,4,1.63
10,kisi3video6,0,4,3.42
10,kisi3video6,1,2,1.33
10,kisi4video6,0,1,1.48
10,kisi4video6,1,2,1.83
11,kisi1video1,0,6,8.8
11,kisi1video1,1,3,6.97
11,kisi2video1,0,3,1.58
11,kisi2video1,1,3,0.11
11,kisi3video1,0,5,2.47
11,kisi3video1,1,5,1.66
11,kisi4video1,0,3,4.57
11,kisi4video1,1,4,1.74
11,kisi1video2,0,1,2.45
11,kisi1video2,1,5,1.82
11,kisi2video2,0,1,1.15
11,kisi2video2,1,5,1.43
11,kisi3video2,0,5,4.83
11,kisi3video2,1,5,1.32
11,kisi4video2,0,3,5.48
11,kisi4video2,1,3,1.99
11,kisi1video3,0,6,4.09
11,kisi1video3,1,2,1.71
11,kisi2video3,0,6,1.54
11,kisi2video3,1,4,1.48
11,kisi3video3,0,2,4.56
11,kisi3video3,1,2,1.13
11,kisi4video3,0,3,1.13
11,kisi4video3,1,3,1.14
11,kisi1video4,0,4,4.84
11,kisi1video4,1,3,1.34
11,kisi2video4,0,3,3.71
11,kisi2video4,1,3,1.06
11,kisi3video4,0,5,3.28
11,kisi3video4,1,5,0.13
11,kisi4video4,0,6,1.48
11,kisi4video4,1,5,0.91
11,kisi1video5,0,5,1.8
11,kisi1video5,1,5,0.06
11,kisi2video5,0,5,3.57
11,kisi2video5,1,5,1.04
11,kisi3video5,0,1,1.74
11,kisi3video5,1,5,1.57
11,kisi4video5,0,5,1.86
11,kisi4video5,1,4,1.58
11,kisi1video6,0,1,3.78
11,kisi1video6,1,4,1.41
11,kisi2video6,0,4,2.09
11,kisi2video6,1,5,1.26
11,kisi3video6,0,4,6.64
11,kisi3video6,1,3,1.39
11,kisi4video6,0,1,1.03
11,kisi4video6,1,3,1.25
12,kisi1video1,0,1,7.44
12,kisi1video1,1,4,5.26
12,kisi2video1,0,3,4.03
12,kisi2video1,1,3,1.57
12,kisi3video1,0,6,1.72
12,kisi3video1,1,4,1.27
12,kisi4video1,0,3,4.18
12,kisi4video1,1,4,1.53
12,kisi1video2,0,1,1.32
12,kisi1video2,1,5,0.86
12,kisi2video2,0,1,1.15
12,kisi2video2,1,5,1.76
12,kisi3video2,0,5,1.3
12,kisi3video2,1,5,1.32
12,kisi4video2,0,4,4.75
12,kisi4video2,1,4,0.86
12,kisi1video3,0,5,1.16
12,kisi1video3,1,4,1.59
12,kisi2video3,0,5,1.24
12,kisi2video3,1,5,0.97
12,kisi3video3,0,3,5.01
12,kisi3video3,1,4,1.15
12,kisi4video3,0,5,1.25
12,kisi4video3,1,5,0.6
12,kisi1video4,0,4,1.64
12,kisi1video4,1,4,2.54
12,kisi2video4,0,2,1.08
12,kisi2video4,1,5,0.97
12,kisi3video4,0,2,0.84
12,kisi3video4,1,5,0.9
12,kisi4video4,0,6,1.39
12,kisi4video4,1,5,1.13
12,kisi1video5,0,5,1.37
12,kisi1video5,1,5,1.02
12,kisi2video5,0,6,1.72
12,kisi2video5,1,5,0.87
12,kisi3video5,0,1,1.76
12,kisi3video5,1,5,1.77
12,kisi4video5,0,6,3.46
12,kisi4video5,1,4,1.31
12,kisi1video6,0,6,1.04
12,kisi1video6,1,5,0.62
12,kisi2video6,0,4,0.94
12,kisi2video6,1,5,0.71
12,kisi3video6,0,4,1.54
12,kisi3video6,1,5,0.71
12,kisi4video6,0,1,2.23
12,kisi4video6,1,5,1.24
13,kisi1video1,0,2,3.55
13,kisi1video1,1,3,4.49
13,kisi2video1,0,3,3.85
13,kisi2video1,1,5,3.27
13,kisi3video1,0,5,2.12
13,kisi3video1,1,3,4.76
13,kisi4video1,0,3,2.1
13,kisi4video1,1,2,3.74
13,kisi1video2,0,1,2.07
13,kisi1video2,1,5,1.64
13,kisi2video2,0,1,1.71
13,kisi2video2,1,4,3.22
13,kisi3video2,0,2,4.38
13,kisi3video2,1,4,2.17
13,kisi4video2,0,3,1.97
13,kisi4video2,1,5,1.52
13,kisi1video3,0,3,4.34
13,kisi1video3,1,1,4.91
13,kisi2video3,0,5,2.09
13,kisi2video3,1,4,1.32
13,kisi3video3,0,5,5.79
13,kisi3video3,1,2,1.57
13,kisi4video3,0,4,1.42
13,kisi4video3,1,3,1.51
13,kisi1video4,0,4,1.26
13,kisi1video4,1,1,4.09
13,kisi2video4,0,2,1.07
13,kisi2video4,1,4,1.6
13,kisi3video4,0,5,2.11
13,kisi3video4,1,3,1.71
13,kisi4video4,0,6,1.5
13,kisi4video4,1,2,1.04
13,kisi1video5,0,5,3.51
13,kisi1video5,1,2,4.35
13,kisi2video5,0,5,1.83
13,kisi2video5,1,3,2.44
13,kisi3video5,0,1,0.96
13,kisi3video5,1,4,2.76
13,kisi4video5,0,5,3.65
13,kisi4video5,1,5,0.06
13,kisi1video6,0,5,4.19
13,kisi1video6,1,1,1.23
13,kisi2video6,0,4,1.62
13,kisi2video6,1,4,1.7
13,kisi3video6,0,4,1.06
13,kisi3video6,1,4,1.24
13,kisi4video6,0,1,1.78
13,kisi4video6,1,3,1.25
14,kisi1video1,0,3,4.26
14,kisi1video1,1,3,6.26
14,kisi2video1,0,3,4.19
14,kisi2video1,1,4,1.66
14,kisi3video1,0,6,2.32
14,kisi3video1,1,4,1.22
14,kisi4video1,0,3,1.4
14,kisi4video1,1,2,2.32
14,kisi1video2,0,1,1.75
14,kisi1video2,1,5,1.11
14,kisi2video2,0,1,1.11
14,kisi2video2,1,5,0.7
14,kisi3video2,0,5,1.64
14,kisi3video2,1,5,0.65
14,kisi4video2,0,3,4.24
14,kisi4video2,1,4,1.62
14,kisi1video3,0,4,3.07
14,kisi1video3,1,4,0.56
14,kisi2video3,0,5,2.44
14,kisi2video3,1,5,0.52
14,kisi3video3,0,5,6.94
14,kisi3video3,1,2,0.91
14,kisi4video3,0,5,1.21
14,kisi4video3,1,2,1.55
14,kisi1video4,0,4,4.62
14,kisi1video4,1,3,1.57
14,kisi2video4,0,2,1.59
14,kisi2video4,1,5,0.91
14,kisi3video4,0,2,1.07
14,kisi3video4,1,2,0.64
14,kisi4video4,0,6,1.45
14,kisi4video4,1,3,0.66
14,kisi1video5,0,5,1.44
14,kisi1video5,1,4,1.19
14,kisi2video5,0,6,1.46
14,kisi2video5,1,5,0.6
14,kisi3video5,0,1,1.73
14,kisi3video5,1,5,1.0
14,kisi4video5,0,6,6.59
14,kisi4video5,1,2,0.97
14,kisi1video6,0,6,1.91
14,kisi1video6,1,3,1.19
14,kisi2video6,0,4,2.02
14,kisi2video6,1,5,1.0
14,kisi3video6,0,4,1.05
14,kisi3video6,1,3,0.68
14,kisi4video6,0,1,0.84
14,kisi4video6,1,3,1.02
15,kisi1video1,0,3,3.18
15,kisi1video1,1,4,3.95
15,kisi2video1,0,3,12.68
15,kisi2video1,1,4,1.87
15,kisi3video1,0,6,1.61
15,kisi3video1,1,5,1.24
15,kisi4video1,0,3,5.68
15,kisi4video1,1,1,2.49
15,kisi1video2,0,1,1.55
15,kisi1video2,1,5,1.04
15,kisi2video2,0,1,1.49
15,kisi2video2,1,4,1.01
15,kisi3video2,0,5,7.63
15,kisi3video2,1,4,1.32
15,kisi4video2,0,3,1.24
15,kisi4video2,1,1,1.59
15,kisi1video3,0,4,17.63
15,kisi1video3,1,2,0.97
15,kisi2video3,0,4,2.14
15,kisi2video3,1,4,0.97
15,kisi3video3,0,3,1.5
15,kisi3video3,1,3,1.27
15,kisi4video3,0,3,1.05
15,kisi4video3,1,1,0.88
15,kisi1video4,0,4,3.34
15,kisi1video4,1,5,2.2
15,kisi2video4,0,2,3.0
15,kisi2video4,1,4,0.87
15,kisi3video4,0,2,1.05
15,kisi3video4,1,3,1.69
15,kisi4video4,0,6,1.46
15,kisi4video4,1,3,1.08
15,kisi1video5,0,2,9.31
15,kisi1video5,1,2,0.72
15,kisi2video5,0,4,1.64
15,kisi2video5,1,4,3.14
15,kisi3video5,0,1,1.17
15,kisi3video5,1,3,2.81
15,kisi4video5,0,6,6.49
15,kisi4video5,1,2,0.78
15,kisi1video6,0,6,6.14
15,kisi1video6,1,3,2.71
15,kisi2video6,0,4,1.53
15,kisi2video6,1,4,1.15
15,kisi3video6,0,3,1.51
15,kisi3video6,1,3,0.8
15,kisi4video6,0,1,1.01
15,kisi4video6,1,2,1.02
15,kisi1video1,0,2,2.02
15,kisi1video1,1,2,2.35
15,kisi2video1,0,2,1.92
15,kisi2video1,1,2,1.61
15,kisi3video1,0,6,1.54
15,kisi3video1,1,3,2.26
15,kisi4video1,0,3,1.81
15,kisi4video1,1,2,1.07
15,kisi1video2,0,1,1.05
15,kisi1video2,1,2,1.21
15,kisi2video2,0,1,1.82
15,kisi2video2,1,3,1.3
15,kisi3video2,0,2,2.42
15,kisi3video2,1,3,1.41
15,kisi4video2,0,2,14.94
15,kisi4video2,1,3,3.68
15,kisi1video3,0,3,0.87
15,kisi1video3,1,3,0.78
15,kisi2video3,0,5,1.16
15,kisi2video3,1,2,1.85
15,kisi3video3,0,3,3.43
15,kisi3video3,1,2,1.08
15,kisi4video3,0,4,2.3
15,kisi4video3,1,2,1.5
15,kisi1video4,0,4,1.24
15,kisi1video4,1,4,0.78
15,kisi2video4,0,2,1.35
15,kisi2video4,1,4,2.81
15,kisi3video4,0,2,1.21
15,kisi3video4,1,2,1.51
15,kisi4video4,0,6,1.77
15,kisi4video4,1,4,1.82
15,kisi1video5,0,5,1.51
15,kisi1video5,1,4,2.11
15,kisi2video5,0,5,1.06
15,kisi2video5,1,3,4.07
15,kisi3video5,0,1,1.2
15,kisi3video5,1,4,1.44
15,kisi4video5,0,5,4.79
15,kisi4video5,1,2,1.28
15,kisi1video6,0,6,3.5
15,kisi1video6,1,4,1.21
15,kisi2video6,0,4,0.9
15,kisi2video6,1,4,0.91
15,kisi3video6,0,4,1.81
15,kisi3video6,1,3,2.79
15,kisi4video6,0,1,1.01
15,kisi4video6,1,2,2.07
17,kisi1video1,0,2,3.28
17,kisi1video1,1,3,5.36
17,kisi2video1,0,3,2.06
17,kisi2video1,1,3,1.84
17,kisi3video1,0,6,3.56
17,kisi3video1,1,4,1.64
17,kisi4video1,0,5,4.5
17,kisi4video1,1,3,1.58
17,kisi1video2,0,1,1.78
17,kisi1video2,1,4,1.9
17,kisi2video2,0,1,3.44
17,kisi2video2,1,4,1.78
17,kisi3video2,0,5,1.77
17,kisi3video2,1,4,1.23
17,kisi4video2,0,5,5.45
17,kisi4video2,1,4,1.25
17,kisi1video3,0,3,1.09
17,kisi1video3,1,3,0.78
17,kisi2video3,0,5,1.08
17,kisi2video3,1,4,0.81
17,kisi3video3,0,6,1.27
17,kisi3video3,1,3,1.07
17,kisi4video3,0,5,1.23
17,kisi4video3,1,3,3.85
17,kisi1video4,0,4,1.6
17,kisi1video4,1,4,0.66
17,kisi2video4,0,2,1.37
17,kisi2video4,1,4,1.1
17,kisi3video4,0,5,4.0
17,kisi3video4,1,4,1.2
17,kisi4video4,0,6,1.89
17,kisi4video4,1,4,0.9
17,kisi1video5,0,5,3.19
17,kisi1video5,1,4,1.31
17,kisi2video5,0,2,1.96
17,kisi2video5,1,4,1.64
17,kisi3video5,0,1,1.47
17,kisi3video5,1,5,1.92
17,kisi4video5,0,5,1.11
17,kisi4video5,1,3,1.02
17,kisi1video6,0,6,1.51
17,kisi1video6,1,3,2.51
17,kisi2video6,0,4,1.2
17,kisi2video6,1,4,2.03
17,kisi3video6,0,4,1.33
17,kisi3video6,1,4,1.21
17,kisi4video6,0,1,2.5
17,kisi4video6,1,3,1.09
16,kisi1video1,0,2,5.27
16,kisi1video1,1,1,4.5
16,kisi2video1,0,3,2.04
16,kisi2video1,1,5,3.98
16,kisi3video1,0,6,18.98
16,kisi3video1,1,4,3.99
16,kisi4video1,0,3,1.38
16,kisi4video1,1,5,1.69
16,kisi1video2,0,1,2.07
16,kisi1video2,1,5,1.18
16,kisi2video2,0,1,1.48
16,kisi2video2,1,5,2.26
16,kisi3video2,0,5,2.14
16,kisi3video2,1,4,1.77
16,kisi4video2,0,3,1.74
16,kisi4video2,1,2,4.63
16,kisi1video3,0,3,3.78
16,kisi1video3,1,2,1.02
16,kisi2video3,0,5,1.42
16,kisi2video3,1,4,2.37
16,kisi3video3,0,5,9.98
16,kisi3video3,1,4,2.77
16,kisi4video3,0,3,9.67
16,kisi4video3,1,2,1.42
16,kisi1video4,0,4,1.6
16,kisi1video4,1,3,2.8
16,kisi2video4,0,2,1.64
16,kisi2video4,1,5,1.53
16,kisi3video4,0,5,3.94
16,kisi3video4,1,3,1.91
16,kisi4video4,0,6,3.03
16,kisi4video4,1,3,2.97
16,kisi1video5,0,5,1.58
16,kisi1video5,1,4,1.19
16,kisi2video5,0,6,1.88
16,kisi2video5,1,4,2.31
16,kisi3video5,0,1,1.2
16,kisi3video5,1,4,1.76
16,kisi4video5,0,5,2.04
16,kisi4video5,1,2,1.89
16,kisi1video6,0,5,2.62
16,kisi1video6,1,2,1.38
16,kisi2video6,0,4,1.61
16,kisi2video6,1,3,1.7
16,kisi3video6,0,4,3.67
16,kisi3video6,1,2,0.83
16,kisi4video6,0,1,1.1
16,kisi4video6,1,3,1.78
18,kisi1video1,0,6,2.74
18,kisi1video1,1,3,5.25
18,kisi2video1,0,3,1.3
18,kisi2video1,1,2,3.16
18,kisi3video1,0,6,2.24
18,kisi3video1,1,4,2.02
18,kisi4video1,0,3,1.14
18,kisi4video1,1,3,2.0
18,kisi1video2,0,1,1.8
18,kisi1video2,1,3,2.16
18,kisi2video2,0,1,1.46
18,kisi2video2,1,2,4.63
18,kisi3video2,0,5,2.86
18,kisi3video2,1,2,1.69
18,kisi4video2,0,3,1.52
18,kisi4video2,1,1,3.55
18,kisi1video3,0,4,3.52
18,kisi1video3,1,1,0.97
18,kisi2video3,0,5,2.24
18,kisi2video3,1,2,2.83
18,kisi3video3,0,5,4.61
18,kisi3video3,1,1,1.0
18,kisi4video3,0,4,1.08
18,kisi4video3,1,1,0.88
18,kisi1video4,0,4,1.58
18,kisi1video4,1,2,0.95
18,kisi2video4,0,2,1.22
18,kisi2video4,1,3,0.98
18,kisi3video4,0,2,3.68
18,kisi3video4,1,1,0.7
18,kisi4video4,0,6,4.24
18,kisi4video4,1,2,1.39
18,kisi1video5,0,5,2.54
18,kisi1video5,1,1,1.02
18,kisi2video5,0,6,3.2
18,kisi2video5,1,4,1.85
18,kisi3video5,0,1,1.38
18,kisi3video5,1,1,2.8
18,kisi4video5,0,5,2.06
18,kisi4video5,1,1,0.96
18,kisi1video6,0,6,0.92
18,kisi1video6,1,1,1.06
18,kisi2video6,0,4,1.04
18,kisi2video6,1,2,1.1
18,kisi3video6,0,4,1.13
18,kisi3video6,1,1,0.68
18,kisi4video6,0,1,0.82
18,kisi4video6,1,1,0.84
19,kisi1video1,0,3,3.26
19,kisi1video1,1,3,0.06
19,kisi2video1,0,3,9.23
19,kisi2video1,1,3,7.78
19,kisi3video1,0,5,1.3
19,kisi3video1,1,3,3.26
19,kisi4video1,0,3,4.35
19,kisi4video1,1,4,2.2
19,kisi1video2,0,1,1.88
19,kisi1video2,1,5,2.19
19,kisi2video2,0,1,2.05
19,kisi2video2,1,4,2.24
19,kisi3video2,0,5,1.1
19,kisi3video2,1,3,1.13
19,kisi4video2,0,1,3.13
19,kisi4video2,1,2,1.62
19,kisi1video3,0,5,1.61
19,kisi1video3,1,3,1.82
19,kisi2video3,0,5,1.01
19,kisi2video3,1,4,2.51
19,kisi3video3,0,6,11.26
19,kisi3video3,1,2,1.97
19,kisi4video3,0,5,2.66
19,kisi4video3,1,2,5.97
19,kisi1video4,0,4,1.87
19,kisi1video4,1,4,1.24
19,kisi2video4,0,2,1.17
19,kisi2video4,1,4,1.01
19,kisi3video4,0,6,1.01
19,kisi3video4,1,3,1.08
19,kisi4video4,0,6,1.1
19,kisi4video4,1,3,4.42
19,kisi1video5,0,5,1.61
19,kisi1video5,1,4,2.73
19,kisi2video5,0,6,1.06
19,kisi2video5,1,4,0.73
19,kisi3video5,0,1,1.98
19,kisi3video5,1,4,0.87
19,kisi4video5,0,5,2.45
19,kisi4video5,1,2,0.65
19,kisi1video6,0,5,3.36
19,kisi1video6,1,4,2.46
19,kisi2video6,0,4,1.72
19,kisi2video6,1,4,1.13
19,kisi3video6,0,4,1.89
19,kisi3video6,1,2,1.04
19,kisi4video6,0,5,3.96
19,kisi4video6,1,2,0.98
20,kisi1video1,0,3,13.45
20,kisi1video1,1,2,5.92
20,kisi2video1,0,2,3.93
20,kisi2video1,1,4,3.57
20,kisi3video1,0,6,1.79
20,kisi3video1,1,3,3.07
20,kisi4video1,0,4,5.06
20,kisi4video1,1,2,1.05
20,kisi1video2,0,1,1.48
20,kisi1video2,1,4,1.04
20,kisi2video2,0,1,1.45
20,kisi2video2,1,3,2.75
20,kisi3video2,0,2,1.33
20,kisi3video2,1,4,0.83
20,kisi4video2,0,3,1.06
20,kisi4video2,1,3,1.45
20,kisi1video3,0,4,3.46
20,kisi1video3,1,2,1.84
20,kisi2video3,0,2,1.43
20,kisi2video3,1,4,1.32
20,kisi3video3,0,2,1.58
20,kisi3video3,1,2,0.68
20,kisi4video3,0,4,1.12
20,kisi4video3,1,2,1.26
20,kisi1video4,0,4,1.02
20,kisi1video4,1,4,1.04
20,kisi2video4,0,2,1.11
20,kisi2video4,1,4,0.74
20,kisi3video4,0,2,1.4
20,kisi3video4,1,4,1.0
20,kisi4video4,0,6,1.03
20,kisi4video4,1,4,1.18
20,kisi1video5,0,5,1.83
20,kisi1video5,1,4,2.21
20,kisi2video5,0,2,2.27
20,kisi2video5,1,4,1.44
20,kisi3video5,0,1,1.34
20,kisi3video5,1,4,0.81
20,kisi4video5,0,2,1.19
20,kisi4video5,1,3,0.61
20,kisi1video6,0,6,2.21
20,kisi1video6,1,2,0.87
20,kisi2video6,0,4,1.13
20,kisi2video6,1,4,0.79
20,kisi3video6,0,4,2.69
20,kisi3video6,1,3,0.92
20,kisi4video6,0,1,0.92
20,kisi4video6,1,3,2.25
21,kisi1video1,0,3,12.82
21,kisi1video1,1,4,6.88
21,kisi2video1,0,3,12.85
21,kisi2video1,1,2,1.19
21,kisi3video1,0,1,6.17
21,kisi3video1,1,3,3.27
21,kisi4video1,0,5,2.96
21,kisi4video1,1,3,9.08
21,kisi1video2,0,3,8.55
21,kisi1video2,1,2,1.08
21,kisi2video2,0,1,3.21
21,kisi2video2,1,3,3.58
21,kisi3video2,0,3,3.1
21,kisi3video2,1,3,0.93
21,kisi4video2,0,3,1.45
21,kisi4video2,1,1,1.1
21,kisi1video3,0,6,5.98
21,kisi1video3,1,1,1.17
21,kisi2video3,0,6,2.3
21,kisi2video3,1,1,0.86
21,kisi3video3,0,6,1.24
21,kisi3video3,1,1,0.71
21,kisi4video3,0,3,3.25
21,kisi4video3,1,1,0.7
21,kisi1video4,0,3,1.87
21,kisi1video4,1,2,1.32
21,kisi2video4,0,3,2.08
21,kisi2video4,1,2,0.61
21,kisi3video4,0,6,1.27
21,kisi3video4,1,1,0.93
21,kisi4video4,0,6,1.44
21,kisi4video4,1,5,1.37
21,kisi1video5,0,3,2.0
21,kisi1video5,1,3,0.87
21,kisi2video5,0,3,1.0
21,kisi2video5,1,2,0.77
21,kisi3video5,0,1,1.41
21,kisi3video5,1,4,1.11
21,kisi4video5,0,3,0.94
21,kisi4video5,1,2,0.81
21,kisi1video6,0,1,0.85
21,kisi1video6,1,3,0.58
21,kisi2video6,0,3,2.1
21,kisi2video6,1,2,0.82
21,kisi3video6,0,3,1.45
21,kisi3video6,1,3,0.48
21,kisi4video6,0,1,2.66
21,kisi4video6,1,3,1.0
22,kisi1video1,0,3,4.16
22,kisi1video1,1,2,12.6
22,kisi2video1,0,3,4.53
22,kisi2video1,1,2,4.48
22,kisi3video1,0,6,6.49
22,kisi3video1,1,3,3.03
22,kisi4video1,0,3,5.67
22,kisi4video1,1,3,6.61
22,kisi1video2,0,1,2.27
22,kisi1video2,1,4,3.8
22,kisi2video2,0,1,1.8
22,kisi2video2,1,5,1.03
22,kisi3video2,0,5,2.34
22,kisi3video2,1,4,2.57
22,kisi4video2,0,3,1.53
22,kisi4video2,1,4,1.08
22,kisi1video3,0,3,4.88
22,kisi1video3,1,3,3.13
22,kisi2video3,0,5,6.34
22,kisi2video3,1,3,1.51
22,kisi3video3,0,3,4.03
22,kisi3video3,1,3,1.32
22,kisi4video3,0,5,9.28
22,kisi4video3,1,2,1.43
22,kisi1video4,0,4,1.68
22,kisi1video4,1,4,1.43
22,kisi2video4,0,2,1.5
22,kisi2video4,1,4,1.12
22,kisi3video4,0,2,1.86
22,kisi3video4,1,4,1.04
22,kisi4video4,0,2,1.78
22,kisi4video4,1,4,1.52
22,kisi1video5,0,3,1.54
22,kisi1video5,1,3,1.13
22,kisi2video5,0,4,6.28
22,kisi2video5,1,4,0.91
22,kisi3video5,0,1,2.39
22,kisi3video5,1,5,1.98
22,kisi4video5,0,5,1.37
22,kisi4video5,1,3,1.94
22,kisi1video6,0,6,2.29
22,kisi1video6,1,3,1.46
22,kisi2video6,0,4,3.15
22,kisi2video6,1,4,0.76
22,kisi3video6,0,4,4.31
22,kisi3video6,1,3,0.84
22,kisi4video6,0,1,1.93
22,kisi4video6,1,4,1.12
23,kisi1video1,0,2,6.54
23,kisi1video1,1,2,6.2
23,kisi2video1,0,3,5.0
23,kisi2video1,1,3,10.01
23,kisi3video1,0,6,8.24
23,kisi3video1,1,4,2.05
23,kisi4video1,0,6,4.76
23,kisi4video1,1,3,2.09
23,kisi1video2,0,1,1.02
23,kisi1video2,1,4,3.38
23,kisi2video2,0,1,2.23
23,kisi2video2,1,3,1.17
23,kisi3video2,0,5,3.02
23,kisi3video2,1,4,1.32
23,kisi4video2,0,6,3.47
23,kisi4video2,1,3,0.97
23,kisi1video3,0,1,4.26
23,kisi1video3,1,1,0.74
23,kisi2video3,0,2,0.68
23,kisi2video3,1,2,1.1
23,kisi3video3,0,3,3.24
23,kisi3video3,1,2,1.86
23,kisi4video3,0,4,1.7
23,kisi4video3,1,2,1.24
23,kisi1video4,0,4,3.54
23,kisi1video4,1,3,1.96
23,kisi2video4,0,2,0.84
23,kisi2video4,1,3,1.47
23,kisi3video4,0,2,1.21
23,kisi3video4,1,4,0.93
23,kisi4video4,0,2,2.85
23,kisi4video4,1,5,1.75
23,kisi1video5,0,5,2.33
23,kisi1video5,1,4,1.16
23,kisi2video5,0,2,1.09
23,kisi2video5,1,5,2.15
23,kisi3video5,0,1,1.81
23,kisi3video5,1,4,0.87
23,kisi4video5,0,5,2.2
23,kisi4video5,1,3,2.21
23,kisi1video6,0,1,2.86
23,kisi1video6,1,2,0.67
23,kisi2video6,0,4,3.91
23,kisi2video6,1,3,2.06
23,kisi3video6,0,4,3.04
23,kisi3video6,1,3,1.91
23,kisi4video6,0,1,1.48
23,kisi4video6,1,3,1.86
24,kisi1video1,0,3,5.23
24,kisi1video1,1,3,6.29
24,kisi2video1,0,2,7.54
24,kisi2video1,1,3,2.62
24,kisi3video1,0,6,4.33
24,kisi3video1,1,5,2.03
24,kisi4video1,0,3,11.52
24,kisi4video1,1,3,1.02
24,kisi1video2,0,1,3.71
24,kisi1video2,1,4,2.38
24,kisi2video2,0,1,1.97
24,kisi2video2,1,5,1.67
24,kisi3video2,0,2,8.89
24,kisi3video2,1,3,1.86
24,kisi4video2,0,1,4.7
24,kisi4video2,1,3,2.08
24,kisi1video3,0,4,9.31
24,kisi1video3,1,4,3.92
24,kisi2video3,0,4,2.19
24,kisi2video3,1,5,1.19
24,kisi3video3,0,3,3.75
24,kisi3video3,1,3,0.84
24,kisi4video3,0,4,2.65
24,kisi4video3,1,5,1.58
24,kisi1video4,0,4,2.44
24,kisi1video4,1,4,0.98
24,kisi2video4,0,2,1.93
24,kisi2video4,1,5,2.09
24,kisi3video4,0,2,3.51
24,kisi3video4,1,4,2.28
24,kisi4video4,0,6,2.36
24,kisi4video4,1,4,2.75
24,kisi1video5,0,6,1.83
24,kisi1video5,1,3,1.81
24,kisi2video5,0,6,1.69
24,kisi2video5,1,4,2.08
24,kisi3video5,0,1,3.27
24,kisi3video5,1,5,1.5
24,kisi4video5,0,4,7.7
24,kisi4video5,1,3,1.61
24,kisi1video6,0,6,2.0
24,kisi1video6,1,3,2.05
24,kisi2video6,0,4,2.66
24,kisi2video6,1,4,1.5
24,kisi3video6,0,4,2.86
24,kisi3video6,1,5,1.97
24,kisi4video6,0,1,3.13
24,kisi4video6,1,4,1.46
25,kisi1video1,0,6,14.01
25,kisi1video1,1,1,6.93
25,kisi2video1,0,3,5.7
25,kisi2video1,1,2,3.04
25,kisi3video1,0,2,10.08
25,kisi3video1,1,2,1.33
25,kisi4video1,0,3,5.09
25,kisi4video1,1,2,1.61
25,kisi1video2,0,1,1.9
25,kisi1video2,1,3,1.66
25,kisi2video2,0,1,1.63
25,kisi2video2,1,3,1.13
25,kisi3video2,0,2,4.48
25,kisi3video2,1,3,2.95
25,kisi4video2,0,3,6.43
25,kisi4video2,1,1,1.95
25,kisi1video3,0,1,3.81
25,kisi1video3,1,1,0.7
25,kisi2video3,0,5,3.75
25,kisi2video3,1,1,1.63
25,kisi3video3,0,3,3.42
25,kisi3video3,1,1,1.27
25,kisi4video3,0,3,2.16
25,kisi4video3,1,1,1.29
25,kisi1video4,0,3,6.4
25,kisi1video4,1,1,1.71
25,kisi2video4,0,2,1.93
25,kisi2video4,1,2,1.87
25,kisi3video4,0,4,6.1
25,kisi3video4,1,1,3.05
25,kisi4video4,0,6,1.88
25,kisi4video4,1,2,1.59
25,kisi1video5,0,2,4.34
25,kisi1video5,1,1,0.71
25,kisi2video5,0,2,2.1
25,kisi2video5,1,1,0.78
25,kisi3video5,0,1,1.63
25,kisi3video5,1,2,0.69
25,kisi4video5,0,2,5.42
25,kisi4video5,1,1,2.31
25,kisi1video6,0,6,3.15
25,kisi1video6,1,2,1.4
25,kisi2video6,0,4,1.38
25,kisi2video6,1,2,1.9
25,kisi3video6,0,4,3.57
25,kisi3video6,1,1,1.01
25,kisi4video6,0,1,1.2
25,kisi4video6,1,2,1.05
26,kisi1video1,0,2,10.98
26,kisi1video1,1,3,10.45
26,kisi2video1,0,3,6.36
26,kisi2video1,1,3,0.06
26,kisi3video1,0,6,1.59
26,kisi3video1,1,5,7.5
26,kisi4video1,0,3,3.75
26,kisi4video1,1,2,4.15
26,kisi1video2,0,1,2.06
26,kisi1video2,1,5,1.98
26,kisi2video2,0,1,3.1
26,kisi2video2,1,5,2.26
26,kisi3video2,0,5,12.42
26,kisi3video2,1,3,1.09
26,kisi4video2,0,1,2.88
26,kisi4video2,1,1,2.4
26,kisi1video3,0,3,2.21
26,kisi1video3,1,2,2.18
26,kisi2video3,0,5,2.26
26,kisi2video3,1,3,6.25
26,kisi3video3,0,5,4.42
26,kisi3video3,1,3,1.92
26,kisi4video3,0,2,1.54
26,kisi4video3,1,3,2.89
26,kisi1video4,0,4,4.97
26,kisi1video4,1,3,3.4
26,kisi2video4,0,2,1.42
26,kisi2video4,1,3,1.8
26,kisi3video4,0,2,1.05
26,kisi3video4,1,3,1.52
26,kisi4video4,0,6,2.18
26,kisi4video4,1,4,1.39
26,kisi1video5,0,5,1.67
26,kisi1video5,1,3,1.08
26,kisi2video5,0,6,1.5
26,kisi2video5,1,5,2.6
26,kisi3video5,0,1,1.2
26,kisi3video5,1,5,1.52
26,kisi4video5,0,5,2.2
26,kisi4video5,1,2,1.74
26,kisi1video6,0,1,2.4
26,kisi1video6,1,3,3.18
26,kisi2video6,0,4,3.19
26,kisi2video6,1,4,1.28
26,kisi3video6,0,4,3.09
26,kisi3video6,1,2,2.84
26,kisi4video6,0,1,1.22
26,kisi4video6,1,5,3.23
27,kisi1video1,0,6,8.69
27,kisi1video1,1,4,4.1
27,kisi2video1,0,4,2.39
27,kisi2video1,1,3,1.76
27,kisi3video1,0,6,1.21
27,kisi3video1,1,5,1.18
27,kisi4video1,0,3,2.17
27,kisi4video1,1,3,1.98
27,kisi1video2,0,1,0.69
27,kisi1video2,1,5,1.01
27,kisi2video2,0,1,0.78
27,kisi2video2,1,5,0.88
27,kisi3video2,0,5,2.14
27,kisi3video2,1,4,2.98
27,kisi4video2,0,3,1.03
27,kisi4video2,1,3,0.98
27,kisi1video3,0,4,1.12
27,kisi1video3,1,3,1.34
27,kisi2video3,0,5,11.67
27,kisi2video3,1,3,0.6
27,kisi3video3,0,6,0.81
27,kisi3video3,1,3,0.98
27,kisi4video3,0,5,1.91
27,kisi4video3,1,4,0.77
27,kisi1video4,0,4,1.76
27,kisi1video4,1,4,1.02
27,kisi2video4,0,2,1.17
27,kisi2video4,1,5,1.31
27,kisi3video4,0,6,1.38
27,kisi3video4,1,3,0.75
27,kisi4video4,0,6,0.93
27,kisi4video4,1,5,1.09
27,kisi1video5,0,6,4.51
27,kisi1video5,1,4,0.81
27,kisi2video5,0,6,0.83
27,kisi2video5,1,5,0.62
27,kisi3video5,0,1,0.61
27,kisi3video5,1,4,1.33
27,kisi4video5,0,6,5.79
27,kisi4video5,1,4,1.22
27,kisi1video6,0,5,5.95
27,kisi1video6,1,4,0.6
27,kisi2video6,0,4,1.05
27,kisi2video6,1,5,0.81
27,kisi3video6,0,4,0.71
27,kisi3video6,1,4,1.02
27,kisi4video6,0,1,0.65
27,kisi4video6,1,3,1.16
28,kisi1video1,0,3,2.95
28,kisi1video1,1,4,5.95
28,kisi2video1,0,4,5.9
28,kisi2video1,1,3,1.19
28,kisi3video1,0,6,3.22
28,kisi3video1,1,5,1.09
28,kisi4video1,0,3,3.17
28,kisi4video1,1,5,2.3
28,kisi1video2,0,1,1.74
28,kisi1video2,1,5,1.2
28,kisi2video2,0,1,2.49
28,kisi2video2,1,4,2.11
28,kisi3video2,0,5,1.93
28,kisi3video2,1,3,1.43
28,kisi4video2,0,3,1.39
28,kisi4video2,1,5,1.6
28,kisi1video3,0,4,1.64
28,kisi1video3,1,4,0.06
28,kisi2video3,0,5,5.38
28,kisi2video3,1,3,1.43
28,kisi3video3,0,2,7.6
28,kisi3video3,1,3,1.2
28,kisi4video3,0,3,1.09
28,kisi4video3,1,5,1.14
28,kisi1video4,0,4,1.46
28,kisi1video4,1,4,0.62
28,kisi2video4,0,3,1.82
28,kisi2video4,1,4,0.91
28,kisi3video4,0,6,2.27
28,kisi3video4,1,3,1.74
28,kisi4video4,0,3,1.17
28,kisi4video4,1,4,0.94
28,kisi1video5,0,3,1.87
28,kisi1video5,1,3,1.37
28,kisi2video5,0,6,2.14
28,kisi2video5,1,4,1.22
28,kisi3video5,0,1,1.31
28,kisi3video5,1,5,1.95
28,kisi4video5,0,3,0.72
28,kisi4video5,1,5,1.46
28,kisi1video6,0,6,8.22
28,kisi1video6,1,3,3.0
28,kisi2video6,0,4,1.5
28,kisi2video6,1,4,2.04
28,kisi3video6,0,4,1.25
28,kisi3video6,1,4,1.97
28,kisi4video6,0,3,1.35
28,kisi4video6,1,5,2.83
29,kisi1video1,0,6,5.28
29,kisi1video1,1,4,3.84
29,kisi2video1,0,4,1.95
29,kisi2video1,1,5,1.1
29,kisi3video1,0,6,2.51
29,kisi3video1,1,5,1.53
29,kisi4video1,0,3,13.52
29,kisi4video1,1,3,0.91
29,kisi1video2,0,1,0.75
29,kisi1video2,1,5,0.81
29,kisi2video2,0,1,1.46
29,kisi2video2,1,5,1.85
29,kisi3video2,0,5,0.9
29,kisi3video2,1,4,2.3
29,kisi4video2,0,3,0.67
29,kisi4video2,1,5,0.62
29,kisi1video3,0,3,5.06
29,kisi1video3,1,5,0.79
29,kisi2video3,0,5,1.26
29,kisi2video3,1,4,0.56
29,kisi3video3,0,5,2.42
29,kisi3video3,1,4,0.74
29,kisi4video3,0,5,3.54
29,kisi4video3,1,3,0.96
29,kisi1video4,0,4,0.93
29,kisi1video4,1,4,0.72
29,kisi2video4,0,2,0.99
29,kisi2video4,1,5,0.76
29,kisi3video4,0,2,1.51
29,kisi3video4,1,3,4.5
29,kisi4video4,0,2,2.72
29,kisi4video4,1,3,1.4
29,kisi1video5,0,5,0.9
29,kisi1video5,1,3,1.16
29,kisi2video5,0,5,7.95
29,kisi2video5,1,3,0.61
29,kisi3video5,0,1,1.92
29,kisi3video5,1,4,0.83
29,kisi4video5,0,1,11.14
29,kisi4video5,1,4,0.74
29,kisi1video6,0,6,2.82
29,kisi1video6,1,3,1.15
29,kisi2video6,0,4,4.27
29,kisi2video6,1,4,1.41
29,kisi3video6,0,4,2.23
29,kisi3video6,1,4,0.61
29,kisi4video6,0,1,1.09
29,kisi4video6,1,5,1.41
30,kisi1video1,0,2,8.91
30,kisi1video1,1,2,7.26
30,kisi2video1,0,4,12.76
30,kisi2video1,1,3,3.82
30,kisi3video1,0,6,2.16
30,kisi3video1,1,4,1.1
30,kisi4video1,0,3,1.21
30,kisi4video1,1,1,6.59
30,kisi1video2,0,1,1.28
30,kisi1video2,1,4,1.14
30,kisi2video2,0,1,1.12
30,kisi2video2,1,3,1.43
30,kisi3video2,0,5,2.03
30,kisi3video2,1,4,3.39
30,kisi4video2,0,3,2.19
30,kisi4video2,1,1,1.81
30,kisi1video3,0,5,5.06
30,kisi1video3,1,2,1.32
30,kisi2video3,0,5,2.82
30,kisi2video3,1,3,2.06
30,kisi3video3,0,5,3.35
30,kisi3video3,1,2,0.95
30,kisi4video3,0,5,1.63
30,kisi4video3,1,2,0.89
30,kisi1video4,0,4,1.27
30,kisi1video4,1,3,0.92
30,kisi2video4,0,2,1.19
30,kisi2video4,1,3,2.13
30,kisi3video4,0,2,2.19
30,kisi3video4,1,2,2.6
30,kisi4video4,0,6,1.14
30,kisi4video4,1,4,0.87
30,kisi1video5,0,6,4.99
30,kisi1video5,1,3,0.83
30,kisi2video5,0,6,0.98
30,kisi2video5,1,3,1.54
30,kisi3video5,0,1,1.38
30,kisi3video5,1,2,0.67
30,kisi4video5,0,3,0.75
30,kisi4video5,1,3,0.05
30,kisi1video6,0,5,7.39
30,kisi1video6,1,3,0.97
30,kisi2video6,0,4,1.35
30,kisi2video6,1,3,0.95
30,kisi3video6,0,4,1.25
30,kisi3video6,1,2,1.02
30,kisi4video6,0,1,1.4
30,kisi4video6,1,2,0.61
31,kisi1video1,0,3,6.32
31,kisi1video1,1,3,4.36
31,kisi2video1,0,3,5.83
31,kisi2video1,1,3,2.56
31,kisi3video1,0,6,2.44
31,kisi3video1,1,4,3.71
31,kisi4video1,0,3,6.7
31,kisi4video1,1,3,3.28
31,kisi1video2,0,1,2.58
31,kisi1video2,1,4,3.82
31,kisi2video2,0,1,1.37
31,kisi2video2,1,1,1.31
31,kisi3video2,0,5,3.83
31,kisi3video2,1,1,1.91
31,kisi4video2,0,3,1.8
31,kisi4video2,1,3,1.39
31,kisi1video3,0,2,6.88
31,kisi1video3,1,1,1.35
31,kisi2video3,0,5,3.22
31,kisi2video3,1,1,1.73
31,kisi3video3,0,6,5.06
31,kisi3video3,1,1,2.4
31,kisi4video3,0,3,3.05
31,kisi4video3,1,2,3.23
31,kisi1video4,0,4,7.39
31,kisi1video4,1,1,1.3
31,kisi2video4,0,2,6.02
31,kisi2video4,1,3,1.45
31,kisi3video4,0,2,2.22
31,kisi3video4,1,2,1.15
31,kisi4video4,0,6,1.77
31,kisi4video4,1,3,1.98
31,kisi1video5,0,5,4.66
31,kisi1video5,1,2,1.3
31,kisi2video5,0,4,1.45
31,kisi2video5,1,4,3.62
31,kisi3video5,0,1,5.11
31,kisi3video5,1,4,1.77
31,kisi4video5,0,5,2.1
31,kisi4video5,1,4,1.06
31,kisi1video6,0,1,4.12
31,kisi1video6,1,1,1.57
31,kisi2video6,0,2,12.55
31,kisi2video6,1,2,1.53
31,kisi3video6,0,4,3.63
31,kisi3video6,1,2,2.64
31,kisi4video6,0,1,1.54
31,kisi4video6,1,2,2.04
32,kisi1video1,0,3,6.85
32,kisi1video1,1,1,8.63
32,kisi2video1,0,6,6.82
32,kisi2video1,1,2,4.63
32,kisi3video1,0,6,1.91
32,kisi3video1,1,5,2.18
32,kisi4video1,0,3,4.19
32,kisi4video1,1,3,12.89
32,kisi1video2,0,1,2.41
32,kisi1video2,1,4,8.6
32,kisi2video2,0,1,2.51
32,kisi2video2,1,2,7.16
32,kisi3video2,0,5,2.22
32,kisi3video2,1,3,2.92
32,kisi4video2,0,3,0.92
32,kisi4video2,1,3,1.08
32,kisi1video3,0,3,1.25
32,kisi1video3,1,3,1.34
32,kisi2video3,0,5,2.02
32,kisi2video3,1,4,3.66
32,kisi3video3,0,3,1.27
32,kisi3video3,1,3,0.88
32,kisi4video3,0,5,1.55
32,kisi4video3,1,1,2.86
32,kisi1video4,0,4,3.53
32,kisi1video4,1,3,2.1
32,kisi2video4,0,2,1.82
32,kisi2video4,1,1,3.28
32,kisi3video4,0,5,1.27
32,kisi3video4,1,1,2.21
32,kisi4video4,0,6,1.16
32,kisi4video4,1,3,2.03
32,kisi1video5,0,5,1.5
32,kisi1video5,1,3,1.14
32,kisi2video5,0,6,0.99
32,kisi2video5,1,4,0.83
32,kisi3video5,0,1,2.22
32,kisi3video5,1,4,5.08
32,kisi4video5,0,5,1.23
32,kisi4video5,1,3,0.62
32,kisi1video6,0,6,1.32
32,kisi1video6,1,2,0.9
32,kisi2video6,0,4,6.13
32,kisi2video6,1,2,3.33
32,kisi3video6,0,4,3.24
32,kisi3video6,1,1,0.85
32,kisi4video6,0,1,1.71
32,kisi4video6,1,2,0.52
33,kisi1video1,0,3,9.92
33,kisi1video1,1,2,5.83
33,kisi2video1,0,1,9.6
33,kisi2video1,1,1,1.92
33,kisi3video1,0,6,2.42
33,kisi3video1,1,1,1.57
33,kisi4video1,0,2,6.45
33,kisi4video1,1,1,2.45
33,kisi1video2,0,1,1.3
33,kisi1video2,1,5,2.16
33,kisi2video2,0,1,3.32
33,kisi2video2,1,4,1.98
33,kisi3video2,0,5,1.56
33,kisi3video2,1,3,2.87
33,kisi4video2,0,3,1.28
33,kisi4video2,1,4,2.22
33,kisi1video3,0,3,8.83
33,kisi1video3,1,3,1.21
33,kisi2video3,0,5,2.2
33,kisi2video3,1,3,1.92
33,kisi3video3,0,3,1.07
33,kisi3video3,1,5,1.91
33,kisi4video3,0,5,2.3
33,kisi4video3,1,3,1.66
33,kisi1video4,0,5,3.8
33,kisi1video4,1,3,2.15
33,kisi2video4,0,2,1.35
33,kisi2video4,1,2,1.71
33,kisi3video4,0,2,1.86
33,kisi3video4,1,3,3.98
33,kisi4video4,0,6,1.42
33,kisi4video4,1,3,5.44
33,kisi1video5,0,5,5.14
33,kisi1video5,1,2,2.47
33,kisi2video5,0,6,1.65
33,kisi2video5,1,4,2.51
33,kisi3video5,0,1,1.35
33,kisi3video5,1,5,1.22
33,kisi4video5,0,2,3.55
33,kisi4video5,1,2,2.23
33,kisi1video6,0,6,2.09
33,kisi1video6,1,4,2.25
33,kisi2video6,0,4,1.34
33,kisi2video6,1,4,2.33
33,kisi3video6,0,4,1.76
33,kisi3video6,1,5,4.1
33,kisi4video6,0,1,2.97
33,kisi4video6,1,3,1.56
34,kisi1video1,0,2,8.21
34,kisi1video1,1,2,1.24
34,kisi2video1,0,3,1.18
34,kisi2video1,1,3,0.96
34,kisi3video1,0,6,1.65
34,kisi3video1,1,5,2.15
34,kisi4video1,0,3,0.83
34,kisi4video1,1,5,1.23
34,kisi1video2,0,1,1.84
34,kisi1video2,1,5,1.44
34,kisi2video2,0,1,1.25
34,kisi2video2,1,5,1.01
34,kisi3video2,0,5,2.62
34,kisi3video2,1,5,1.16
34,kisi4video2,0,6,1.29
34,kisi4video2,1,5,0.84
34,kisi1video3,0,6,3.21
34,kisi1video3,1,1,5.79
34,kisi2video3,0,5,1.54
34,kisi2video3,1,5,1.2
34,kisi3video3,0,3,1.53
34,kisi3video3,1,5,0.9
34,kisi4video3,0,5,1.65
34,kisi4video3,1,5,1.35
34,kisi1video4,0,4,1.09
34,kisi1video4,1,5,1.27
34,kisi2video4,0,2,1.16
34,kisi2video4,1,5,1.09
34,kisi3video4,0,2,1.17
34,kisi3video4,1,5,1.15
34,kisi4video4,0,6,2.23
34,kisi4video4,1,5,1.52
34,kisi1video5,0,5,5.15
34,kisi1video5,1,4,0.98
34,kisi2video5,0,6,2.63
34,kisi2video5,1,4,1.97
34,kisi3video5,0,1,1.18
34,kisi3video5,1,5,1.31
34,kisi4video5,0,5,1.3
34,kisi4video5,1,5,1.34
34,kisi1video6,0,6,2.65
34,kisi1video6,1,5,0.88
34,kisi2video6,0,4,2.45
34,kisi2video6,1,4,0.04
34,kisi3video6,0,4,1.3
34,kisi3video6,1,4,1.45
34,kisi4video6,0,1,1.14
34,kisi4video6,1,5,1.12
35,kisi1video1,0,2,1.69
35,kisi1video1,1,2,1.94
35,kisi2video1,0,3,1.6
35,kisi2video1,1,2,2.36
35,kisi3video1,0,6,2.17
35,kisi3video1,1,2,2.51
35,kisi4video1,0,3,2.52
35,kisi4video1,1,2,2.06
35,kisi1video2,0,1,1.06
35,kisi1video2,1,4,1.5
35,kisi2video2,0,1,1.8
35,kisi2video2,1,3,2.08
35,kisi3video2,0,5,1.76
35,kisi3video2,1,2,2.78
35,kisi4video2,0,2,2.2
35,kisi4video2,1,1,2.46
35,kisi1video3,0,3,1.55
35,kisi1video3,1,2,1.99
35,kisi2video3,0,5,2.11
35,kisi2video3,1,2,2.44
35,kisi3video3,0,3,1.22
35,kisi3video3,1,2,1.59
35,kisi4video3,0,4,3.44
35,kisi4video3,1,2,3.9
35,kisi1video4,0,4,1.3
35,kisi1video4,1,4,1.49
35,kisi2video4,0,2,3.04
35,kisi2video4,1,3,1.66
35,kisi3video4,0,5,5.43
35,kisi3video4,1,2,2.02
35,kisi4video4,0,6,1.74
35,kisi4video4,1,3,2.4
35,kisi1video5,0,5,1.32
35,kisi1video5,1,3,1.78
35,kisi2video5,0,6,1.35
35,kisi2video5,1,3,1.82
35,kisi3video5,0,1,1.5
35,kisi3video5,1,4,2.83
35,kisi4video5,0,5,1.05
35,kisi4video5,1,2,3.52
35,kisi1video6,0,6,0.76
35,kisi1video6,1,4,1.3
35,kisi2video6,0,4,2.91
35,kisi2video6,1,4,1.74
35,kisi3video6,0,4,1.11
35,kisi3video6,1,2,4.08
35,kisi4video6,0,1,1.82
35,kisi4video6,1,2,1.59
37,kisi1video1,0,3,14.32
37,kisi1video1,1,1,1.56
37,kisi2video1,0,3,1.68
37,kisi2video1,1,1,1.37
37,kisi3video1,0,6,1.33
37,kisi3video1,1,5,2.23
37,kisi4video1,0,3,1.84
37,kisi4video1,1,1,1.27
37,kisi1video2,0,1,3.17
37,kisi1video2,1,5,0.86
37,kisi2video2,0,1,2.07
37,kisi2video2,1,5,1.27
37,kisi3video2,0,5,1.45
37,kisi3video2,1,5,0.69
37,kisi4video2,0,3,1.66
37,kisi4video2,1,5,10.71
37,kisi1video3,0,3,6.68
37,kisi1video3,1,1,3.67
37,kisi2video3,0,5,1.65
37,kisi2video3,1,5,1.72
37,kisi3video3,0,3,5.48
37,kisi3video3,1,1,1.96
37,kisi4video3,0,4,1.58
37,kisi4video3,1,5,0.82
37,kisi1video4,0,4,2.48
37,kisi1video4,1,5,0.84
37,kisi2video4,0,2,3.07
37,kisi2video4,1,5,3.03
37,kisi3video4,0,2,1.88
37,kisi3video4,1,5,1.23
37,kisi4video4,0,2,0.86
37,kisi4video4,1,5,0.76
37,kisi1video5,0,5,2.23
37,kisi1video5,1,5,1.93
37,kisi2video5,0,6,1.73
37,kisi2video5,1,5,0.55
37,kisi3video5,0,1,1.8
37,kisi3video5,1,5,0.91
37,kisi4video5,0,6,1.6
37,kisi4video5,1,5,0.49
37,kisi1video6,0,6,1.22
37,kisi1video6,1,5,0.57
37,kisi2video6,0,4,2.11
37,kisi2video6,1,5,0.8
37,kisi3video6,0,3,3.52
37,kisi3video6,1,5,0.77
37,kisi4video6,0,1,1.43
37,kisi4video6,1,5,0.81
38,kisi1video1,0,3,10.3
38,kisi1video1,1,3,7.78
38,kisi2video1,0,3,8.58
38,kisi2video1,1,3,0.89
38,kisi3video1,0,5,2.51
38,kisi3video1,1,4,3.34
38,kisi4video1,0,3,2.4
38,kisi4video1,1,3,0.68
38,kisi1video2,0,1,1.63
38,kisi1video2,1,4,4.3
38,kisi2video2,0,1,1.73
38,kisi2video2,1,3,1.83
38,kisi3video2,0,5,2.47
38,kisi3video2,1,3,1.36
38,kisi4video2,0,3,1.19
38,kisi4video2,1,3,0.78
38,kisi1video3,0,3,3.98
38,kisi1video3,1,3,0.87
38,kisi2video3,0,5,3.87
38,kisi2video3,1,3,1.3
38,kisi3video3,0,3,1.08
38,kisi3video3,1,3,1.06
38,kisi4video3,0,4,5.66
38,kisi4video3,1,1,3.36
38,kisi1video4,0,4,1.42
38,kisi1video4,1,2,1.87
38,kisi2video4,0,2,1.64
38,kisi2video4,1,2,2.14
38,kisi3video4,0,2,1.0
38,kisi3video4,1,2,0.56
38,kisi4video4,0,2,3.84
38,kisi4video4,1,3,1.77
38,kisi1video5,0,5,3.05
38,kisi1video5,1,2,0.92
38,kisi2video5,0,2,2.79
38,kisi2video5,1,3,1.59
38,kisi3video5,0,1,1.8
38,kisi3video5,1,3,1.07
38,kisi4video5,0,3,1.56
38,kisi4video5,1,3,0.74
38,kisi1video6,0,1,8.71
38,kisi1video6,1,2,0.88
38,kisi2video6,0,4,4.22
38,kisi2video6,1,3,0.77
38,kisi3video6,0,4,3.71
38,kisi3video6,1,2,1.17
38,kisi4video6,0,1,1.18
38,kisi4video6,1,1,0.65
40,kisi1video1,0,6,3.77
40,kisi1video1,1,4,9.44
40,kisi2video1,0,3,4.34
40,kisi2video1,1,4,2.1
40,kisi3video1,0,5,12.77
40,kisi3video1,1,4,1.06
40,kisi4video1,0,3,3.47
40,kisi4video1,1,5,2.83
40,kisi1video2,0,1,2.83
40,kisi1video2,1,5,1.04
40,kisi2video2,0,1,0.96
40,kisi2video2,1,5,1.23
40,kisi3video2,0,5,1.94
40,kisi3video2,1,5,1.62
40,kisi4video2,0,3,4.66
40,kisi4video2,1,4,0.72
40,kisi1video3,0,3,3.03
40,kisi1video3,1,4,0.93
40,kisi2video3,0,4,2.74
40,kisi2video3,1,3,0.97
40,kisi3video3,0,6,2.65
40,kisi3video3,1,3,2.81
40,kisi4video3,0,5,1.7
40,kisi4video3,1,4,2.05
40,kisi1video4,0,4,1.73
40,kisi1video4,1,3,2.93
40,kisi2video4,0,2,9.14
40,kisi2video4,1,3,0.82
40,kisi3video4,0,6,1.44
40,kisi3video4,1,3,2.39
40,kisi4video4,0,6,1.68
40,kisi4video4,1,4,1.11
40,kisi1video5,0,5,1.23
40,kisi1video5,1,4,2.22
40,kisi2video5,0,6,4.84
40,kisi2video5,1,3,0.89
40,kisi3video5,0,1,0.85
40,kisi3video5,1,5,0.98
40,kisi4video5,0,5,1.23
40,kisi4video5,1,4,0.59
40,kisi1video6,0,6,5.16
40,kisi1video6,1,3,1.02
40,kisi2video6,0,4,1.46
40,kisi2video6,1,4,0.58
40,kisi3video6,0,4,0.86
40,kisi3video6,1,4,0.58
40,kisi4video6,0,1,1.16
40,kisi4video6,1,5,1.17
41,kisi1video1,0,6,10.17
41,kisi1video1,1,3,6.71
41,kisi2video1,0,4,1.56
41,kisi2video1,1,2,3.55
41,kisi3video1,0,5,4.5
41,kisi3video1,1,4,2.28
41,kisi4video1,0,3,2.12
41,kisi4video1,1,5,2.57
41,kisi1video2,0,1,1.87
41,kisi1video2,1,4,3.09
41,kisi2video2,0,1,3.3
41,kisi2video2,1,2,1.28
41,kisi3video2,0,5,2.3
41,kisi3video2,1,5,3.19
41,kisi4video2,0,3,1.15
41,kisi4video2,1,4,2.39
41,kisi1video3,0,3,6.22
41,kisi1video3,1,2,1.47
41,kisi2video3,0,5,1.54
41,kisi2video3,1,2,1.14
41,kisi3video3,0,6,1.21
41,kisi3video3,1,2,0.98
41,kisi4video3,0,4,1.11
41,kisi4video3,1,2,0.63
41,kisi1video4,0,4,3.28
41,kisi1video4,1,2,1.09
41,kisi2video4,0,2,1.69
41,kisi2video4,1,1,0.65
41,kisi3video4,0,2,1.71
41,kisi3video4,1,2,0.74
41,kisi4video4,0,2,7.19
41,kisi4video4,1,2,0.91
41,kisi1video5,0,5,2.49
41,kisi1video5,1,3,1.47
41,kisi2video5,0,6,1.99
41,kisi2video5,1,3,1.02
41,kisi3video5,0,1,1.7
41,kisi3video5,1,3,1.27
41,kisi4video5,0,5,1.18
41,kisi4video5,1,2,1.0
41,kisi1video6,0,5,5.46
41,kisi1video6,1,1,0.93
41,kisi2video6,0,4,1.16
41,kisi2video6,1,3,1.54
41,kisi3video6,0,4,1.47
41,kisi3video6,1,3,1.02
41,kisi4video6,0,1,0.99
41,kisi4video6,1,3,1.75
45,kisi1video1,0,2,6.6
45,kisi1video1,1,3,2.24
45,kisi2video1,0,3,1.95
45,kisi2video1,1,3,2.49
45,kisi3video1,0,5,1.71
45,kisi3video1,1,2,2.68
45,kisi4video1,0,3,1.34
45,kisi4video1,1,2,2.36
45,kisi1video2,0,1,2.07
45,kisi1video2,1,3,1.77
45,kisi2video2,0,1,1.53
45,kisi2video2,1,3,3.88
45,kisi3video2,0,5,1.44
45,kisi3video2,1,2,2.97
45,kisi4video2,0,2,1.62
45,kisi4video2,1,1,3.26
45,kisi1video3,0,3,3.09
45,kisi1video3,1,3,3.15
45,kisi2video3,0,5,0.93
45,kisi2video3,1,3,1.97
45,kisi3video3,0,3,1.24
45,kisi3video3,1,2,1.9
45,kisi4video3,0,4,3.43
45,kisi4video3,1,2,3.4
45,kisi1video4,0,4,1.18
45,kisi1video4,1,4,2.1
45,kisi2video4,0,2,1.46
45,kisi2video4,1,4,1.3
45,kisi3video4,0,2,1.02
45,kisi3video4,1,2,1.58
45,kisi4video4,0,6,1.28
45,kisi4video4,1,3,2.09
45,kisi1video5,0,5,0.94
45,kisi1video5,1,3,1.75
45,kisi2video5,0,6,1.34
45,kisi2video5,1,3,1.04
45,kisi3video5,0,1,0.71
45,kisi3video5,1,3,3.63
45,kisi4video5,0,5,1.5
45,kisi4video5,1,1,1.09
45,kisi1video6,0,6,2.28
45,kisi1video6,1,3,7.68
45,kisi2video6,0,4,3.45
45,kisi2video6,1,4,0.06
45,kisi3video6,0,4,1.23
45,kisi3video6,1,2,3.08
45,kisi4video6,0,1,1.08
45,kisi4video6,1,1,0.72
46,kisi1video1,0,2,1.43
46,kisi1video1,1,4,1.91
46,kisi2video1,0,3,1.89
46,kisi2video1,1,4,3.7
46,kisi3video1,0,6,4.37
46,kisi3video1,1,1,2.66
46,kisi4video1,0,3,0.88
46,kisi4video1,1,3,2.41
46,kisi1video2,0,1,3.33
46,kisi1video2,1,5,2.27
46,kisi2video2,0,1,0.78
46,kisi2video2,1,3,0.98
46,kisi3video2,0,5,1.2
46,kisi3video2,1,2,1.12
46,kisi4video2,0,3,0.84
46,kisi4video2,1,1,1.55
46,kisi1video3,0,3,1.28
46,kisi1video3,1,3,1.3
46,kisi2video3,0,5,1.42
46,kisi2video3,1,4,3.95
46,kisi3video3,0,3,0.97
46,kisi3video3,1,3,1.62
46,kisi4video3,0,5,1.64
46,kisi4video3,1,2,2.61
46,kisi1video4,0,4,0.91
46,kisi1video4,1,4,1.05
46,kisi2video4,0,2,2.43
46,kisi2video4,1,4,2.77
46,kisi3video4,0,5,1.46
46,kisi3video4,1,1,1.23
46,kisi4video4,0,6,0.98
46,kisi4video4,1,2,1.53
46,kisi1video5,0,5,1.11
46,kisi1video5,1,3,1.7
46,kisi2video5,0,6,1.47
46,kisi2video5,1,4,0.98
46,kisi3video5,0,1,1.13
46,kisi3video5,1,4,2.09
46,kisi4video5,0,5,1.34
46,kisi4video5,1,3,1.86
46,kisi1video6,0,5,1.47
46,kisi1video6,1,5,0.06
46,kisi2video6,0,4,0.68
46,kisi2video6,1,4,0.7
46,kisi3video6,0,4,1.03
46,kisi3video6,1,3,0.87
46,kisi4video6,0,1,1.04
46,kisi4video6,1,3,1.64
47,kisi1video1,0,1,9.74
47,kisi1video1,1,1,4.92
47,kisi2video1,0,3,6.52
47,kisi2video1,1,3,3.68
47,kisi3video1,0,6,2.57
47,kisi3video1,1,5,1.6
47,kisi4video1,0,4,6.51
47,kisi4video1,1,3,2.29
47,kisi1video2,0,1,1.7
47,kisi1video2,1,4,4.46
47,kisi2video2,0,1,1.21
47,kisi2video2,1,3,1.91
47,kisi3video2,0,5,1.44
47,kisi3video2,1,4,1.34
47,kisi4video2,0,1,5.39
47,kisi4video2,1,1,0.88
47,kisi1video3,0,4,2.61
47,kisi1video3,1,4,1.65
47,kisi2video3,0,5,2.27
47,kisi2video3,1,4,1.01
47,kisi3video3,0,6,2.41
47,kisi3video3,1,3,2.19
47,kisi4video3,0,4,4.0
47,kisi4video3,1,2,3.52
47,kisi1video4,0,4,9.57
47,kisi1video4,1,2,0.78
47,kisi2video4,0,2,1.93
47,kisi2video4,1,3,2.9
47,kisi3video4,0,6,3.59
47,kisi3video4,1,3,1.03
47,kisi4video4,0,6,1.18
47,kisi4video4,1,5,0.64
47,kisi1video5,0,5,1.19
47,kisi1video5,1,4,1.16
47,kisi2video5,0,6,1.63
47,kisi2video5,1,5,0.6
47,kisi3video5,0,1,2.66
47,kisi3video5,1,4,1.09
47,kisi4video5,0,6,2.72
47,kisi4video5,1,2,0.95
47,kisi1video6,0,6,4.93
47,kisi1video6,1,1,1.04
47,kisi2video6,0,4,0.92
47,kisi2video6,1,4,1.54
47,kisi3video6,0,4,3.11
47,kisi3video6,1,2,1.39
47,kisi4video6,0,1,1.02
47,kisi4video6,1,3,0.93
48,kisi1video1,0,1,17.19
48,kisi1video1,1,2,3.92
48,kisi2video1,0,3,1.3
48,kisi2video1,1,3,2.2
48,kisi3video1,0,6,0.99
48,kisi3video1,1,5,2.24
48,kisi4video1,0,3,4.12
48,kisi4video1,1,3,0.07
48,kisi1video2,0,1,0.77
48,kisi1video2,1,5,1.85
48,kisi2video2,0,1,1.04
48,kisi2video2,1,3,2.24
48,kisi3video2,0,5,2.06
48,kisi3video2,1,5,0.05
48,kisi4video2,0,3,1.75
48,kisi4video2,1,5,1.14
48,kisi1video3,0,4,3.48
48,kisi1video3,1,2,1.77
48,kisi2video3,0,2,4.31
48,kisi2video3,1,2,2.22
48,kisi3video3,0,3,1.38
48,kisi3video3,1,3,0.61
48,kisi4video3,0,4,2.15
48,kisi4video3,1,2,1.45
48,kisi1video4,0,4,1.65
48,kisi1video4,1,5,1.2
48,kisi2video4,0,2,0.94
48,kisi2video4,1,4,1.93
48,kisi3video4,0,2,4.29
48,kisi3video4,1,2,1.35
48,kisi4video4,0,6,0.93
48,kisi4video4,1,5,0.64
48,kisi1video5,0,6,1.87
48,kisi1video5,1,4,1.0
48,kisi2video5,0,6,0.99
48,kisi2video5,1,4,2.85
48,kisi3video5,0,1,0.95
48,kisi3video5,1,4,0.83
48,kisi4video5,0,5,0.89
48,kisi4video5,1,4,0.63
48,kisi1video6,0,6,1.47
48,kisi1video6,1,3,3.24
48,kisi2video6,0,4,1.14
48,kisi2video6,1,2,2.16
48,kisi3video6,0,4,1.51
48,kisi3video6,1,1,0.83
48,kisi4video6,0,1,0.93
48,kisi4video6,1,5,1.13
49,kisi1video1,0,2,11.99
49,kisi1video1,1,2,6.62
49,kisi2video1,0,3,10.4
49,kisi2video1,1,3,2.48
49,kisi3video1,0,6,2.04
49,kisi3video1,1,4,1.1
49,kisi4video1,0,3,3.85
49,kisi4video1,1,3,0.58
49,kisi1video2,0,1,3.19
49,kisi1video2,1,4,1.24
49,kisi2video2,0,1,2.97
49,kisi2video2,1,3,1.27
49,kisi3video2,0,5,1.65
49,kisi3video2,1,3,0.88
49,kisi4video2,0,3,6.66
49,kisi4video2,1,3,0.55
49,kisi1video3,0,4,3.64
49,kisi1video3,1,2,0.97
49,kisi2video3,0,4,4.97
49,kisi2video3,1,3,0.65
49,kisi3video3,0,6,2.37
49,kisi3video3,1,3,2.31
49,kisi4video3,0,5,2.61
49,kisi4video3,1,3,0.82
49,kisi1video4,0,4,1.26
49,kisi1video4,1,3,1.31
49,kisi2video4,0,2,1.06
49,kisi2video4,1,4,1.17
49,kisi3video4,0,2,1.1
49,kisi3video4,1,3,0.6
49,kisi4video4,0,6,1.45
49,kisi4video4,1,4,0.82
49,kisi1video5,0,5,1.63
49,kisi1video5,1,3,0.98
49,kisi2video5,0,6,1.76
49,kisi2video5,1,3,0.82
49,kisi3video5,0,1,1.35
49,kisi3video5,1,3,0.97
49,kisi4video5,0,5,1.42
49,kisi4video5,1,3,1.02
49,kisi1video6,0,6,1.34
49,kisi1video6,1,3,1.46
49,kisi2video6,0,4,1.12
49,kisi2video6,1,3,1.04
49,kisi3video6,0,3,5.04
49,kisi3video6,1,3,0.72
49,kisi4video6,0,1,2.19
49,kisi4video6,1,2,1.53
50,kisi1video1,0,3,10.9
50,kisi1video1,1,3,7.85
50,kisi2video1,0,3,5.29
50,kisi2video1,1,3,3.87
50,kisi3video1,0,6,5.88
50,kisi3video1,1,3,2.54
50,kisi4video1,0,3,1.41
50,kisi4video1,1,3,1.04
50,kisi1video2,0,1,1.68
50,kisi1video2,1,4,2.08
50,kisi2video2,0,1,2.59
50,kisi2video2,1,4,1.57
50,kisi3video2,0,5,2.22
50,kisi3video2,1,3,1.15
50,kisi4video2,0,3,1.15
50,kisi4video2,1,3,0.91
50,kisi1video3,0,4,8.72
50,kisi1video3,1,3,0.95
50,kisi2video3,0,5,1.38
50,kisi2video3,1,3,1.15
50,kisi3video3,0,2,14.48
50,kisi3video3,1,2,0.69
50,kisi4video3,0,5,2.01
50,kisi4video3,1,2,0.85
50,kisi1video4,0,4,1.12
50,kisi1video4,1,3,0.84
50,kisi2video4,0,2,5.66
50,kisi2video4,1,2,0.85
50,kisi3video4,0,5,1.69
50,kisi3video4,1,3,1.14
50,kisi4video4,0,5,2.81
50,kisi4video4,1,3,4.28
50,kisi1video5,0,5,2.76
50,kisi1video5,1,2,0.77
50,kisi2video5,0,6,1.41
50,kisi2video5,1,2,0.97
50,kisi3video5,0,1,1.45
50,kisi3video5,1,3,1.99
50,kisi4video5,0,4,10.44
50,kisi4video5,1,2,0.91
50,kisi1video6,0,5,5.43
50,kisi1video6,1,3,2.44
50,kisi2video6,0,4,1.26
50,kisi2video6,1,3,0.74
50,kisi3video6,0,4,2.32
50,kisi3video6,1,3,1.22
50,kisi4video6,0,1,1.97
50,kisi4video6,1,2,0.86
51,kisi1video1,0,3,8.12
51,kisi1video1,1,3,5.67
51,kisi2video1,0,4,9.65
51,kisi2video1,1,3,4.63
51,kisi3video1,0,6,1.79
51,kisi3video1,1,5,3.11
51,kisi4video1,0,3,7.07
51,kisi4video1,1,4,1.82
51,kisi1video2,0,1,0.89
51,kisi1video2,1,5,0.86
51,kisi2video2,0,1,2.64
51,kisi2video2,1,5,2.62
51,kisi3video2,0,5,11.85
51,kisi3video2,1,4,0.89
51,kisi4video2,0,3,1.59
51,kisi4video2,1,4,0.9
51,kisi1video3,0,4,5.02
51,kisi1video3,1,3,1.0
51,kisi2video3,0,5,3.1
51,kisi2video3,1,5,0.91
51,kisi3video3,0,6,3.45
51,kisi3video3,1,4,0.94
51,kisi4video3,0,4,1.72
51,kisi4video3,1,4,0.64
51,kisi1video4,0,4,1.97
51,kisi1video4,1,4,0.64
51,kisi2video4,0,2,1.06
51,kisi2video4,1,4,2.47
51,kisi3video4,0,2,1.31
51,kisi3video4,1,5,1.14
51,kisi4video4,0,6,2.32
51,kisi4video4,1,5,1.3
51,kisi1video5,0,5,9.33
51,kisi1video5,1,4,0.74
51,kisi2video5,0,6,1.63
51,kisi2video5,1,5,0.7
51,kisi3video5,0,1,1.03
51,kisi3video5,1,5,1.01
51,kisi4video5,0,1,5.05
51,kisi4video5,1,3,0.96
51,kisi1video6,0,6,3.51
51,kisi1video6,1,4,0.58
51,kisi2video6,0,4,1.4
51,kisi2video6,1,5,1.01
51,kisi3video6,0,4,1.22
51,kisi3video6,1,5,0.99
51,kisi4video6,0,1,0.85
51,kisi4video6,1,5,0.97
52,kisi1video1,0,2,8.62
52,kisi1video1,1,3,13.93
52,kisi2video1,0,4,9.08
52,kisi2video1,1,3,1.1
52,kisi3video1,0,6,7.05
52,kisi3video1,1,5,1.62
52,kisi4video1,0,3,1.14
52,kisi4video1,1,3,1.32
52,kisi1video2,0,1,1.31
52,kisi1video2,1,5,1.0
52,kisi2video2,0,1,0.66
52,kisi2video2,1,5,1.02
52,kisi3video2,0,5,1.87
52,kisi3video2,1,4,1.02
52,kisi4video2,0,3,0.84
52,kisi4video2,1,3,1.03
52,kisi1video3,0,3,5.0
52,kisi1video3,1,3,1.01
52,kisi2video3,0,4,3.03
52,kisi2video3,1,3,0.94
52,kisi3video3,0,5,1.25
52,kisi3video3,1,4,1.58
52,kisi4video3,0,5,2.74
52,kisi4video3,1,3,0.95
52,kisi1video4,0,4,1.52
52,kisi1video4,1,4,0.71
52,kisi2video4,0,2,1.22
52,kisi2video4,1,5,1.13
52,kisi3video4,0,2,1.2
52,kisi3video4,1,5,0.7
52,kisi4video4,0,2,3.93
52,kisi4video4,1,5,0.63
52,kisi1video5,0,5,0.98
52,kisi1video5,1,3,1.66
52,kisi2video5,0,2,1.29
52,kisi2video5,1,3,1.04
52,kisi3video5,0,1,0.86
52,kisi3video5,1,4,1.12
52,kisi4video5,0,3,0.73
52,kisi4video5,1,4,0.91
52,kisi1video6,0,6,4.73
52,kisi1video6,1,3,1.08
52,kisi2video6,0,4,3.06
52,kisi2video6,1,4,1.04
52,kisi3video6,0,3,1.31
52,kisi3video6,1,1,3.86
52,kisi4video6,0,1,0.8
52,kisi4video6,1,5,1.64
53,kisi1video1,0,5,3.97
53,kisi1video1,1,3,8.37
53,kisi2video1,0,4,2.32
53,kisi2video1,1,3,4.12
53,kisi3video1,0,6,5.19
53,kisi3video1,1,4,2.47
53,kisi4video1,0,5,7.89
53,kisi4video1,1,4,4.22
53,kisi1video2,0,1,1.75
53,kisi1video2,1,4,1.68
53,kisi2video2,0,1,1.98
53,kisi2video2,1,4,1.44
53,kisi3video2,0,5,2.57
53,kisi3video2,1,4,1.98
53,kisi4video2,0,5,2.77
53,kisi4video2,1,4,1.29
53,kisi1video3,0,4,2.04
53,kisi1video3,1,4,0.87
53,kisi2video3,0,5,6.21
53,kisi2video3,1,3,1.98
53,kisi3video3,0,5,1.05
53,kisi3video3,1,3,1.9
53,kisi4video3,0,5,2.96
53,kisi4video3,1,3,1.46
53,kisi1video4,0,5,5.33
53,kisi1video4,1,3,1.81
53,kisi2video4,0,5,2.05
53,kisi2video4,1,3,1.63
53,kisi3video4,0,5,2.05
53,kisi3video4,1,3,1.23
53,kisi4video4,0,5,1.45
53,kisi4video4,1,3,0.94
53,kisi1video5,0,5,1.43
53,kisi1video5,1,3,1.06
53,kisi2video5,0,5,1.18
53,kisi2video5,1,3,1.28
53,kisi3video5,0,5,1.6
53,kisi3video5,1,3,1.62
53,kisi4video5,0,5,3.54
53,kisi4video5,1,3,2.1
53,kisi1video6,0,5,18.92
53,kisi1video6,1,3,1.44
53,kisi2video6,0,4,1.74
53,kisi2video6,1,4,1.42
53,kisi3video6,0,5,1.41
53,kisi3video6,1,4,1.23
53,kisi4video6,0,4,17.34
53,kisi4video6,1,3,2.03
